{"cameraMode":{"drawMode":0,"name":"Shaded","section":"Shading Mode"},"sceneLighting":true,"audioPlay":false,"sceneViewState":{"showFog":true,"showMaterialUpdate":false,"showSkybox":true,"showFlares":true,"showImageEffects":true,"showParticleSystems":true},"in2DMode":false,"pivot":{"x":15.291473388671875,"y":1.5558080673217774,"z":20.013553619384767},"rotation":{"x":-0.24742281436920167,"y":-0.24020326137542725,"z":0.0635860338807106,"w":-0.9365693926811218},"size":16.98992347717285,"orthographic":false}