{"cameraMode":{"drawMode":0,"name":"Shaded","section":"Shading Mode"},"sceneLighting":true,"audioPlay":false,"sceneViewState":{"showFog":true,"showMaterialUpdate":false,"showSkybox":false,"showFlares":true,"showImageEffects":true,"showParticleSystems":true},"in2DMode":false,"pivot":{"x":5.52570915222168,"y":5.105999946594238,"z":29.495986938476564},"rotation":{"x":0.16616587340831757,"y":0.47289660573005679,"z":-0.09145129472017288,"w":0.8605433106422424},"size":3.6053593158721926,"orthographic":false}