{"cameraMode":{"drawMode":0,"name":"Shaded","section":"Shading Mode"},"sceneLighting":false,"audioPlay":false,"sceneViewState":{"showFog":true,"showMaterialUpdate":false,"showSkybox":false,"showFlares":true,"showImageEffects":true,"showParticleSystems":true},"in2DMode":false,"pivot":{"x":12.925141334533692,"y":1.999999761581421,"z":6.0},"rotation":{"x":-0.15574447810649873,"y":-0.6850341558456421,"z":0.15357333421707154,"w":-0.6949553489685059},"size":1.3130087852478028,"orthographic":false}